{"cameraMode":{"drawMode":0,"name":"Shaded","section":"Shading Mode"},"sceneLighting":true,"audioPlay":false,"sceneViewState":{"showFog":true,"showMaterialUpdate":false,"showSkybox":true,"showFlares":true,"showImageEffects":true,"showParticleSystems":true},"in2DMode":false,"pivot":{"x":6.079150199890137,"y":1.5199780464172364,"z":2.0537307262420656},"rotation":{"x":0.12159442901611328,"y":0.5416483283042908,"z":-0.0795317068696022,"w":0.8279702663421631},"size":8.648975372314454,"orthographic":false}